ID,Intent,Confidence,Ambiguous,Action,Escalate,Ambiguity_Reason,Escalation_Reason,Taxonomy_Gap,Taxonomy_Gap_Reason,Evidence,Notes,Unnamed: 12,Unnamed: 13
G001,OU,H,Y,A,N,Undelivered order + replacement already in progress,,Y,Replacement-in-progress not covered,Never delivered; replacement is on its way,Resolved by support,,
G002,PDH,M,Y,C,N,Subtitle/content issue; exact support intent unclear,,Y,Media/content issue not covered,Subtitles are weird; some content is censored,Prime viewing issue,,
G003,RR,H,   N,A,N,,,N,,Ready for refund after live chat,Refund discussed after live chat,,
G004,DP,H,N,A,N,,,N,,Prime delivery promise not met,Package delayed after out-for-delivery status,,
G005,DL,H,N,A,N,,,N,,Delivery delayed from Oct 20 to Oct 24,Expected delivery date passed,,
G006,OU,M,N,C ,N,,,Y,Preorder issue not covered,Preorder for game was messed up,Order-management issue,,
G007,CSF,H,N,C,N,,,,,Missed Amazon call; requests callback,Wants to know reason for call,,
G008,RR,H,N,E,Y,,Refund unresolved for four months,N,,Refund unresolved for four months,Long-standing unresolved refund,,
G009,OU,M,Y,C,N,Preorder and invitation request unclear,,Y,Preorder/access request not covered,preorder;wants seller conntact and invitation,Multiple unclear requests,,
G010,OU,M,N,E,Y,,Pricing/MRP complaint requires human review,Y,Pricing/MRP complaint not covered by current taxonomy,charging higher than MRP,no dedicated pricing intent exists,,
G011,OU,M,N,E,Y,,Pricing allegation and legal reference require human review,Y,Pricing/MRP complaint not covered,"charging higher than mrp, mentions lawyer fees",Customer alleges above-MRP pricing and describes the Rs.100 voucher as bribery,f,
G012,OU,M,N,E,Y,,Delivery handling complaint and ignored safe-place instruction require human review,Y,Delivery handling/safe-place complaint not covered by current taxonomy,no safe place option was ignored,Customer complains that the delivery instruction was ignored; no explicit damage is stated,,
G013,OS,H,N,A,N,,,N,,can't track my order,Customer is waiting for delivery information,,
G014,DL,M,N,E,Y,,Repeated delivery failures across multiple recent orders,N,,3 of my last 4 orders have been late by multiple days or just been lost completely,Repeated late/lost deliveries indicate a broader delivery reliability problem;,,
G015,OU,M,Y,C,N,Preoder and inviation request unclear,,Y,Preoder/access request not covered,Preorder;wants seller conntact and invitation,Multiple unclear requests,,
G016,OU,M,Y,C,N,Unclear whether tracking information or Amazon gift card was not received,,Y, Gift-card/offer fulfillment issue not covered by current taxonomy,tracking ID not received Amazon gift card,"Customer reports a missing gift card/offer fulfillment issue, but the exact missing item is unclear",,
G017,CSF,M,N ,E,Y,,Replacement process and customer-service complaint require human review,N,,bad cust service; look into it,Customer is dissatisfied with the replacement process and explicitly asks Amazon to investigate,,
G018,RR,H,N,A,N,,,N,,please refund my money,Customer explicitly requests a refund after deciding the phone purchase was a mistake,,
G019,CSF,H,N,E,Y,,Customer requests a supervisor after repeated call disconnections,N,,third time they hang up; speak with a supervisor,Prime describes the order context; the actual support need is supervisor follow-up,,
G020,DP,H,N,A,N,,,N,,Prime; Next business day delivery,Customer asks whether the specific Prime next-business-day delivery service is still available,,
G021,PM,H,N,A,N,,,Y,Prime membership,sign up for a Prime trial” + “charged for the year.”,"Charge is caused by Prime membership, so PM takes priority over PC.",,
G022,OU,M,Y,E,Y,Unwanted/harassing courier contact does not clearly fit an existing intent.,Repeated unwanted contact and customer threatens to report the courier.,Y,harassment/unwanted contact.,“stop harping about it” / “harassment” / “reported.”,Don't force this into CSF merely because Amazon support is involved.,,
G023,PDH,H,N,A,N,,,Y,Product/device help,“back soft key not working” + “Please replace it.”,"Replacement is the requested resolution; underlying issue is defective device functionality, not refund/return.",,
G024,AA,H,N,A,N,,,N,,collaborate on an order with other members of the household?,This is a feature/how-to question; clarification isn't necessary.,,
G025,OU,M,Y,C,N,Delivery-address/failed-delivery exception is not explicitly covered by the current taxonomy.,,Y,delivery exception/address problem,courier could not find my address,Don't escalate solely because the customer is angry; clarification/order-specific investigation is more appropriate.,,
G026,DP,H,N,A,N,,,Y,Delivery promise,“Amazon Prime” + “haven’t been delivered on the specified date.”,Clear promise/date failure; not ambiguous.,,
G027,PDH,H,N,A,N,,,N,,“expect Kindle Unlimited to appear in the dropdown filter.”,Feature/navigation question; answer can be provided directly.,,
G028,PDH,H,N,A,N,,,N,,search just Kindle Unlimited books” + “can't seem to find a filter,Clear how-to question; no clarification needed.,,
G029,OS,H,N,A,N,,,N,,where is my package?,"A missing package is not the same as a missing/wrong item. No delivered status is stated, so don't use DNR.",,
G030,DL,H,N,A,N,,,N,,not getting it when you're suppose to.,"Prime is mentioned, but there is no explicit Prime/paid delivery promise such as next-day/2-day. DL is defensible.",,
G031,CSF,H,N,E,Y,,Customer contacted support three times over three days and the promised cashback was still unresolved.,N,,“3 calls” + “assured of receiving the cashback”,Repeated unresolved support contact is the primary issue.,,
G032,OS,M,Y,C,N,"Primary request is to locate the package, but the customer also requests a refund of an extra amount if the issue is not resolved.",,N,,“check where the package is” + “else refund my extra amount”,Order status is primary; refund is conditional,,
G033,DP,H,N,A,N,,,N,,“Paid ... for a 2-day delivery”,Explicit paid delivery promise was not met.,,
G034,OU,L,Y,C,N,The message is truncated before the customer explains the complete issue.,,Y,Incomplete/truncated customer message prevents reliable intent assignment.,“No address for collecti”,Do not force an intent from incomplete text.,,
G035,RR,H,N,A,N,,,N,,“How can i return the item for the refund”,Explicit return/refund request is primary; no delivered status is stated.,,
G036,OU,M,Y,C,N,"The package was not handed over, but the message does not state whether tracking shows it as delivered.",,Y,Delivery handoff/collection failure is not explicitly represented in the current taxonomy.,“Delivery man didn't handover the package”,Could become delivered_not_received if delivered status were confirmed.,,
G037,DIP,H,N,A,N,,,N,,“air cushions should not deflate while in transit”,Packaging protection failed during transit.,,
G038,PDH,H,N,A,N,,,N,,“app stops recognizing the SD card” + “disk full”,Clear device/storage functionality problem.,,
G039,PDH,M,N,A,N,,,N,,“still not helping” + “SD card”,"Previous troubleshooting failed, but the underlying problem remains product/device functionality.",,
G040,DP,H,N,A,N,,,N,,“promised delivery yesterday and never happened”,Prime + explicit promised delivery date.,,
G041,DP,H,N,A,N,,,N,,“next day delivery”,Explicit next-day delivery expectation; Prime/payment context supports delivery promise.,,
G042,PC,H,N,A,N,,,N,,“Update My Payment Method” + “My card is valid”,Payment-method validation problem,,
G043,PDH,H,N,A,N,,,N,,“subtitles out of sync”,Prime Video functionality issue.,,
G044,OU,H,N,A,N,,,N,,“It reset everything ... Sorted it now.”,Issue is already resolved and message contains no active support request.,,
G045,PDH,H,N,A,N,,,N,,“Alexa 'forgot' ALL my Smarthome links”,Clear Alexa/smart-home functionality issue.,,
G046,DL,H,N,A,N,,,N,,“arrive in two days not Monday”,Delivery timing problem without explicit Prime/paid delivery promise.,,
G047,PC,M,N,A,N,,,N,,“10% additional cash back on SBI debit card”,Cashback/payment-card transaction question; not a device issue.,,
G048,OU,H,N,A,N,,,N,,“being a prime member have such benefits”,Positive feedback rather than a customer support problem.,,
G049,OU,H,N,A,N,,,N,,“great customer service” + “refund”,Refund is already resolved; customer is providing positive feedback.,,
G050,OU,M,Y,C,N,"Package is not delivered, but the message does not establish a missed promised date or delivered status.",,Y,Delivery exception/contact issue is not cleanly represented by the current taxonomy.,“package not delivered to me”,Cannot confidently classify as delivery_promise or delivered_not_received.,,
G051,CSF,M,N,C,N,,,N,,“how much time I share the details and taking follow up”,"Likely support follow-up, but the exact requested information is unclear.",,
G052,PDH,H,N,A,N,,,N,,“international warranty for Amazon Kindle”,Product warranty/policy question.,,
G053,DIP,H,N,A,N,,,N,,“3 books ... scratched and with other damage”,Actual physical damage is explicit; no ambiguity.,,
G054,CSF,H,N,E,Y,,Customer spent substantial time with customer service and still received no solution.,N,,“customer service and refund procedure sucks” + “did not get any solution”,Unresolved support experience is the primary issue.,,
G055,RR,H,N,E,Y,,"A-Z claim is unavailable, seller has not responded, and the customer is requesting a refund for items that never arrived.",N,,“would like these refunded” + “They never arrived.”,Refund request is explicit and unresolved.,,
G056,OU,M,Y,C,N,"The customer complains about parcel delivery, but the text does not specify whether the issue is lateness, non-delivery, damage, or another delivery problem.",,Y,Generic delivery complaint without a specific operational failure is not cleanly covered.,“how ... delivers parcels nowadays?”,"Prime membership is context, not sufficient evidence for delivery_promise.",,
G057,OU,M,Y,C,N,The message combines an Amazon Coins order problem with a Black Friday discount issue.,,Y,Promotion/discount and Amazon Coins issues are not cleanly represented by the current intent set.,“commande d'amazon coins” + “réduction black friday”,Do not classify as Prime/payment without stronger evidence.,,
G058,OU,H,N,A,N,,,N,,“le remboursement a été effectué” + “encore merci”,Refund is already completed; this is positive/resolution feedback rather than an active refund request.,,
G059,CSF,M,Y,E,Y,The customer has both an unresolved refund issue and a three-month history of repeatedly contacting Amazon.,Issue has remained unresolved for approximately three months despite repeated attempts to obtain help.,N,,“never got my money back” + “Been after u guys since the past 3 months”,Boundary between return/refund and customer-service follow-up; unresolved support history makes CSF primary.,,
G060,DL,H,N,E,Y,,Customer reports repeated delivery failures whenever USPS is the carrier.,N,,“each and every time” + “NEVER deliver my items on time”,Repeated late delivery pattern supports escalation.,,
G061,AA,H,N,A,N,,,N,,“Account has been on hold for ... a year.”,Clear account-access problem.,,
G062,CSF,M,Y,E,Y,"Account information is requested, but repeated calls for a year make unresolved support the stronger signal.",Repeated support attempts without resolution,N,,“whole year” + “talking to a wall.”,Trying to get information over a year.,,
G063,OU,M,Y,C,N,"Could involve gift card, account/store region, or payment/store policy.",,Y,Gift-card/store-region issue not covered.,“gift card voucher” + “.co.uk store.”,Wanted gift card voucher.,,
G064,DIP,H,N,A,N,,,N,,“Arrived damaged” + poor packaging.,Clear physical damage.,,
G065,OU,H,N,A,N,,,N,,“Impressive service” + “Great customer service.”,"Positive feedback, not an active support issue.",,
G066,MWI,M,Y,E,Y,"Missing products, wrong items, and damaged boxes are multiple intents",Multiple delivery/order failures across two deliveries,N,,"“missing products, wrong items, battered boxes.”","MWI can be primary, but mark ambiguous.",,
G067,OU,M,Y,E,Y,Counterfeit product + exchange + closed return window,Exchange unresolved and return window has closed.,Y,Counterfeit/pirated-product issue is not covered.,“pirated version” + “exchange ... waiting.”,Clear waiting for exchange.,,
G068,PDH,M,N,A,N,,,N,,"Complaint concerns a book/product page, reviews, and product presentation.",Product/service functionality/content issue.,,
G069,OU,M,Y,C,N,Incorrect review and other product problems,,Y,Delivery-decision/uncertain delivery timing isn't directly covered.,“Should I wait for delivery ... or buy from local market?”,,,
G070,OU,M,Y,C,N,Preorder not have place and concern about it,,Y,Pre-order delivery placement/default-location issue isn't covered.,“Pre-orders?” + “default place” + packaging concern.,,,
G071,PC,H,N,E,Y,,Unauthorized card transaction requires financial/security handling,N,,Someone has used my card” + “not aware of this.”,Payment/charge takes priority over generic account issues.,,
G072,DP,H,N,A,N,,,N,,“supposed to be a prime delivery” + occasion missed.,Explicit Prime delivery expectation.,,
G073,OU,M,N,C,N,,,Y,General delivery-policy question isn't represented by current taxonomy.,“Amazon consegna anche la domenica?”,,,
G074,PC,H,N,E,Y,,Duplicate financial charge remains after a bank reversal.,N,,“two charges” + “bank said Amazon's credit was reversed.”,,,
G075,PC,H,N,A,N,,,,,“charged twice” + “charge went from pending to processed... twice.”,BG,,
G076,PDH,M,N,A,N,,,N,,“While exchanging the phone what things need to be given?”,Exchange procedure/product handling question.,,
G077,AA,H,N,A,N,,,N,,“can not log in” + “no access to my account.”,Clear account-access problem.,,
G078,CSF,M,Y,E,Y,Replacement/return issue plus unresolved customer support.,Multiple agents and previous chat failed to explain return process.,N,,“First chat” + “2 agents.”,CSF primary because support interaction failed to resolve it.,,
G079,DL,H,N,A,N,,,N,,“ordered is delayed” + birthday presents.,Clear delayed delivery.,,
G080,PDH,H,N,A,N,,,N,,“service centre” + “Memory card” + asks where to go,Product/device support location question.,,
G081,MWI,H,N,A,N,,,N,,“haven’t received any charger with my product.”,Missing accessory is a missing-item case.,,
G082,OS,H,Y,C,N,One item is delivered while the remainder of the order remains unresolved; could be order status or missing item.,,N,,“other item delivered” + “rest of the order still appears.”,,,
G083,RR,H,N,A,N,,,N,,“return window is already closed” + “exception?”,Explicit return-policy request.,,
G084,PC,H,N,C,N,,,N,,“why service tax?” + “cannot charge service tax.,Tax/charge complaint fits payment/charge better than OU.,,
G085,PC,H,N,C,N,,,N,,“Service tax charged on ... invoice.”,Direct charge/tax question.,,
G086,DNR,H,N,E,Y,,Guaranteed next-day delivery was marked delivered but customer says no item; support already told them to wait.,N,,“mark as delivered and no item.”,Customer has no item,,
G087,PDH,M,N,A,N,,,N,,“latest news on new movies and tv series added.”,Amazon content/service information request.,,
G088,PC,H,N,A,N,,,N,,“charged twice for the same book rental.”,Duplicate charge.,,
G089,OU,M,Y,C,N,Excessive payment repetation,,Y,Packaging-quality complaint without explicit physical damage isn't cleanly covered.,“excessive packaging” + “Guess what I received today.”,Don't force into DIP because no actual damage is stated.,,
G090,PC,H,Y,E,Y,Payment/shipping-charge dispute plus unresolved support response.,“72 hours and still no reply.”,N,,“deduct shipping charges” + “72 hours and still no reply.”,PC is the underlying issue; CSF is escalation context.,,
G091,DNR,H,N,E,Y,,Tracking says delivered/left in mailbox but customer has not received it.,N,,“livré” + “je n'ai rien.”,Classic delivered-not-received case.,,
G092,DP,H,N,A,N,,,N,,“guaranteed delivery” + “won't be delivered today.”,Explicit delivery guarantee.,,
G093,MWI,H,N,A,N,,,N,,“wrong kind of paper for my camera” + “How can I return it?”,Wrong item is primary; return is requested resolution.,,
G094,DP,H,N,E,Y,,"Repeated Prime next-day delivery failures, approximately five times.",N,,“another Prime next day delivery” + “about 5 in the last few months.”,,,
G095,CSF,M,Y,E,Y,"ustomer wants the order rather than a refund, but the key complaint is unanswered support messages.",Support has not responded.,N,,“sin respuesta” + “No quiero la devolución quiero mi pedido.”,,,
G096,OU,M,Y,C,N,Delivery through this partner is good.,,N,,“Cuando la entrega es affidata a loro ... pasar al oficina postal.”,No explicit lateness or delivered-not-received status.,,
G097,RR,H,N,A,N,,,N,,“I cancelled. When do I get the monies refunded?”,Refund timing is now the active issue; previous DP failure is context.,,
G098,RR,H,N,E,Y,,Refund payment was delivered to the wrong person and a replacement cannot be initiated.,N,,“cheque was deliverd to sum1 else” + “can't initiate a new one.”,,,
G099,DNR,H,Y,E,Y,Package is both four days late and marked “handed to resident”; the latter creates a delivered-not-received issue.,Two disconnected chats + third attempt with unresolved package.,N,,“four days late” + “handed to resident.”,,,
G100,DIP,H,N,A,N,,,N,,“item was damaged during shipping.”,Clear physical damage; customer asks for resolution.,,
G101,DP,M,Y,E,Y,"Prime delivery is the main issue, but the customer also reports false delivery attempts",Alleged inaccurate delivery attempts require human review. ,N,,“pay for Amazon Prime to get certain items quickly” + “lies about attempts.” ,Delivery-promise failure is primary.,,
G102,OU,H,N,A,N,,,N,,“Prime same day delivery has been a lifesaver.”,Positive feedback with no support problem; no operational intent clearly applies,,
G103,DP,H,N,A,N,,,N,,“guaranteed delivery” + “won't b delivered today.”,Explicit delivery guarantee failure.,,
G104,PC,M,N,C,N,,,N,,“Do I get charged?”,The customer received an unexpected Amazon item and is specifically asking about a possible charge.,,
G105,DIP,H,N,A,N,,,N,,“Item recieved broken” + “get it picked up.”,Physical damage is the primary issue; pickup is the requested resolution,,
G106,DL,H,N,A,N,,,N,,“this late package.”,Clear late-delivery complaint with no explicit Prime/guaranteed delivery promise.,,
G107,DL,M,Y,A,N,"Message contains late delivery plus different material, poor quality and poor packing.",,N,,“very late after 20 days” + “different chinese material” + “very poor quality.”,Delivery delay is selected as the primary issue.,,
G108,DP,H,N,E,Y,,Prime same-day delivery failed after the customer waited all day and required a 40-minute support call.,N,,“tried prime to get order for today” + “not turned up.”,Explicit Prime delivery-promise failure.,,
G109,DL,H,N,A,N,,,N,,“order was ... late by two days.”,Late delivery is explicit; packaging complaint is secondary.,,
G110,PDH,H,N,A,N,,,N,,"“reset the device” + “checked all screen, rotation, and screenlock settings.”",Clear device troubleshooting case.,,
G111,PDH,H,N,A,N,,,N,,“App is locked in Portrait Mode on iPad Air 2” + “contact you about settings.”,Clear app/device settings problem.,,
G112,OS,H,N,A,N,,,N,,“when ... is shipping” + “no update on dispatch date.”,Customer is asking about shipping/dispatch status.,,
G113,AA,H,N,E,Y,,Amazon account is blocked and previous emails received no response,N,,“please unblock my Amazon account” + “no rrply.,Account-access problem with unresolved support contact.,,
G114,RR,H,N,A,N,,,N,,“returning an defective Iphone 8 Plus” + “improve your return policy.”,Return process is the active issue; defect explains why the return is needed.,,
G115,PM,H,N,A,N,,,N,,“sign up and test out” + “start trial” + “manage your prime membership.”,Clear Prime membership/trial issue.,,
G116,PM,H,N,A,N,,,N,,“prime membership nt yet activtd?”,Explicit Prime membership activation issue.,,
G117,RR,M,Y,C,N,Customer has both a non-received product and a requested refund that has not started.,,N,,“Neither the product is received” + “refund is initiated.”,"Refund is selected because the customer explicitly requested it, but the case is genuinely multi-intent.",,
G118,CSF,H,N,E,Y,,Delivery contact is unavailable and the call center “have no clue.”,N,,“call center guys have no clue to answer.”,Unresolved support/contact failure is the clearest active issue.,,
G119,PC,H , N,E,Y,,Customer was told payment was declined but was charged twice.,N,,“payment had been declined” + “now I have two charges.”,Duplicate financial charge requires review.,,
G120,PC,H,N,E,Y,,Customer explicitly reports a duplicate charge for one order and requests support.,N,,“me hicieron un cargo doble por un pedido.”,Clear duplicate-charge/payment issue.,,
G121,RR,H,N,E,Y,,Refund for a returned item is overdue and customer says this is not the first occurrence.,N,,“still not received my refund” + “Not the first time.”,Clear repeated refund failure.,,
G122,PDH,H,N,C,N,,,N,,Book appears “only as a sample” instead of purchased after changing phones,Kindle/app digital-product access issue.,,
G123,CSF,M,Y,C,N,"Message mainly references information received by phone and offers the order number, but the underlying issue is not stated.",,N,,“I have no idea” + “only got it by phone.,Insufficient information; support follow-up is the closest fit.,,
G124,OU,H,N,A,N,,,N,,Customer celebrates that the delivery was brought forward.,Positive delivery update with no customer problem to resolve.,,
G125,CSF,H,N,E,Y,,Third-party seller has been contacted multiple times without response and payment was already taken.,N,,“contacté plusieurs fois aucune réponse” + “La somme a été prélevée.”,Unresponsive seller/support is the active problem.,,
G126,DL,H,N,A,N,,,N,,“Commande passée en août toujours pas reçue” + “Mentionnée expédiée.”,Long-delayed/non-received order; no delivered status.,,
G127,DP,H,Y,E,Y,Prime delivery failure plus refund/free-Prime compensation are both present.,Repeated Prime delivery failures are explicitly described.,N,,"“1 month free prime after 2 days late, 3 days late” + “I was refunded.”",Prime delivery promise is the primary issue.,,
G128,RR,H,N,E,Y,,£114 refund has remained unresolved for weeks.,N,,“STILL WAITING WEEKS LATER FOR £114 REFUND.”,Clear long-pending refund.,,
G129,RR,H,N,A,N,,,N,,: “requested a return” + “still under process” + “update the status.” ,"Return status is the active issue, not order status.",,
G130,DNR,H,Y,E,Y,Order is late and also marked delivered despite not being received.,Customer says this is the second instance in two months.,N,,“not delivered” + “shows delivered” + “late by 3 days” + “2nd instance.”,Delivered-not-received is the primary issue.,,
G131,RR,H,N,A,N,,,N,,“my refund didn't come in my bank account.”,Clear refund-not-received case.,,
G132,DNR,H,Y,E,Y,"Delivered-not-received, duplicate charge, cancellation and refund are all present",Customer reports both non-receipt and a second charge.,N,,“it was delivered but it never came” + “charged ... a second time.”,DNR is the primary customer problem.,,
G133,DL,H,N,E,Y,,Order was not delivered and was cancelled after 10 days of shipment; customer still wants the phone.,N,,“order not delivered” + “got cancelled aftr 10 days.”,Delivery failure is primary; cancellation is the consequence.,,
G134,PC,H,N,E,Y,,Customer was charged EMI on a cancelled order and no refund was processed.,N ,,“emi charged on cancelled order” + “No refund processed to bank.”,Unexpected charge is the primary financial issue; refund is secondary.,,
G135,RR,H,N,A,N,,,N,,“accidentally ordered a wrong item” + “No option for refunds.”,Customer is asking for a refund; this is not MWI because Amazon did not send the wrong item.,,
G136,PDH,H,N,C,N,,,N,,“1 book has downloaded 1 not” + “Used iPhone & tried Kindle.”,Kindle book download/access problem; card update is context.,,
G137,PDH,H,N,C,N,,,N,,“Payment has been taken but the book not downloaded.”,Digital-product download/access is the active issue; payment is context.,,
G138,RR,H,N,E,Y,,Fire TV Stick refund has been pending for one month.,N,,“Still not received the refund” + “after 1 month.”,Clear long-pending refund.,,
G139,RR,H,N,E,Y,,Customer requested a return but no action was taken and the return window subsequently closed.,N,,“NO ACTION HAD BEEN TAKEN” + “Return window closed.”,Return-process failure caused by unresolved support action.,,
G140,PDH,H,N,E,Y,,Product installation has not happened and there is no response.,N,,“not installed yet” + “no response.”,Installation/service issue is product help; unresolved response makes it an escalation case.,,
G141,RR,H,N,E,Y,,"Return/refund was requested a month ago because the wrong item was packed, but neither Amazon nor seller has responded.",N,,“return/refund requested” + “no response.” ,Return/refund is the active issue; wrong item is the reason.,,
G142,DL,H,N,A,N,,,N,,“over 10 days late for delivery.”,"Customer asks for cancellation/refund, but the primary problem is the prolonged delivery delay.",,
G143,MWI,H,N,A,N,,,N,,“kajal was not there” + “I need replacement and not refund.”,Missing item is primary; replacement is the requested resolution.,,
G144,RR,H,Y,E,Y,Customer is simultaneously reporting a six-week unanswered case and requesting money back.,Promised 48-hour response was missed by a large margin.,N,,"“over 6 weeks, no reply” + “Give my money back.”",Refund is the active requested resolution.,,
G145,CSF,H,N,E,Y,,Customer reports difficulty getting the package and explicitly says support has not responded.,N,,“No response from support team too.”,Unresolved support is the clearest active issue.,,
G146,RR,H,N,A,N,,,N,,“refund my money in bank ac.”,"Despite the word “fraud,” the explicit requested resolution is a refund.",,
G147,OS,H,N,A,N ,,,N,,“where is my order stucked?” + “3 days and still haven’t left Delhi?” + “Need update.”,Customer is asking for current order status.,,
G148,DNR,H,N,E,Y,,Customer describes the order as “virtually delivered” while alleging fraudulent activity.,N,,“Order was virtually delivered.”,Delivery-status dispute is the closest available intent; fraud language warrants escalation.,,
G149,DNR,H,N,E,Y,,Customer explicitly says the order was not received while tracking says delivered and asks for immediate contact.,N,,“not received by myself” + “tracking status showing delivered.”,Classic delivered-not-received case.,,
G150,OU,M,N,A,N,,,Y,Incorrect phone number and unusual delivery attempts are not cleanly represented by the current taxonomy.,“wrong number in SMS” + “attempted Delivery in future time or midnight.”,No clear late/delivered-not-received status.,,
G151,DL,H,N,E,Y,,Delivery date has already passed and customer is still waiting with no update,N,,“delivery date ... is over” + “Still waiting.”,Clear delayed delivery with unresolved status.,,
G152,CSF,H,N,E,Y,,"Customer has tried email, phone and app support for two weeks without response",N,,“since last two weeks” + “no response” + “no relevant option.”,Classic unresolved customer-service follow-up.,,
G153,CSF,H,N,E,Y,,"Same unresolved support problem has continued for three weeks despite email, calls and app attempts",N,,“since last 3 weeks” + “no response.”,"Same pattern as G152, with an even longer unresolved period.",,
G154,RR,H,N,A,N,,,N,,“Still waiting for a return of 27K.”,Clear pending refund/return of money.,,
G155,OS,H,N,A,N,,,N,,“status showing surprisingly not shipped yet” + “arriving today.”,Customer is asking when the order will arrive; current shipment status is the immediate issue.,,
G156,DL,H,N,A,N,,,N,,“is not received til today” + booking date “07/10/2017.,Very long-delayed/non-received order; no delivered status stated,,
G157,DL,H,N,A,N,,,N,,“booked 7.10.17 but not received till now.”,Clear prolonged delivery delay.,,
G158,DNR,H,Y,E,Y,Customer has both a delivered-but-not-received order and a missing refund,Tracking incorrectly indicates delivery while customer says it was not received,N,,“not received my order” + “show ... delivered” + “refund not came.”,DNR is primary.,,
G159,PDH,H,N,C,N,,,N,,“front camera doesn't work properly.”,Device functionality is the primary issue; “Return required” is the requested resolution.,,
G160,CSF,H,N,E,Y,,Customer already provided details through Facebook and received no response.,N,,“already mentioned detail” + “No response.”,"Cashback/refund could be a financial intent, but the active complaint in this message is unresolved support follow-up.",,
G161,DNR,H,N,E,Y,,Order was not received but tracking says delivered; customer has also received no response.,N,,“nt been delivered” + “showing delivered” + “no response.”,"Classic delivered-not-received case; refund is the requested resolution, not the intent.",,
G162,OS,H,N,E,Y,,Customer asks where the order is but says the call center is “horrible” and they cannot chase support anymore.,N,,“where is my order” + “call center is horrible.”,Order status is primary; unresolved support warrants escalation.,,
G163,RR,H,N,A,N,,,N,,“placed a return request” + “waiting for an update.”,"Return status is the active issue, not general order status.",,
G164,OU,M,N,C,N,,,Y,: Safe-place/location handling is not clearly represented by the current taxonomy.,“outside my front door in clear view of the street” + “safeplace location.”,"No explicit late, damage, missing, or delivered-not-received status.",,
G165,RR,H,N,E,Y,,Refund has been pending for more than two weeks after cancellation.,N,,“awaiting refund” + “more than 2 weeks since i cancelled.”,Clear long-pending refund.,,
G166,MWI,H,N,E,Y,,Wrong item was delivered and the return request received no response.,N,,“wrong item delivered” + “no response from Amazon.”,Wrong item is primary; unresolved return support causes escalation.,,
G167,CSF,H,N,E,Y,,Customer reports a false replacement promise and poor customer support.,N,,“False promise for replacement” + “Poor customer support.”,The unresolved support/replacement failure is more central than a standard DNR case.,,
G168,RR,H,N,E,Y,,"Customer wants to return the product, but the delivery person refuses to take it.",N,,“i want to return” + “deny to take it.”,Return process failure is the active issue.,,
G169,OU,M,Y,C,N,waiting for response and results are pending,,Y,“Pending result” is not an Amazon customer-support intent represented by the current taxonomy.,“waiting for all pending Result” + “reply fast.”,Insufficient context; don't force this into CSF just because the customer asks for a reply.,,
G170,DP,H,N,A,N,,,N,,“Prime delivery time” + “What is the use of Prime?”,Explicit Prime delivery-value/promise complaint.,,
G171,DNR,H,N,E,Y,,Customer explicitly says the item was not received while Amazon updated it as delivered.,N,,“have not received the item” + “package delivered to customer.”,Classic DNR case.,,
G172,DNR,H,N,E,Y,,Order was initially delayed and then marked delivered even though the customer never received it.,N,,“says delivered” + “never received” + “initially ... delayed.”,DNR is primary; delay is background.,,
G173,RR,H,N,A,N,,,N,,“I don't need cheque” + “I need refund my money back in my bank account.”,Clear refund/payment-method request,,
G174,RR,H,N,E,Y,,"Order was not delivered, delivery status was disputed, and customer is being denied the refund until the item is received.",N,,“not delivered” + “falsely updated refused” + “not returning my money.”,Refund is the active requested resolution.,,
G175,DIP,H,N,A,N,,,N,,“received a defective product” + “Broken piece can't be installed.”,Physical product defect is primary; replacement/return is the requested resolution.,,
G176,DNR,H,N,E,Y,,Customer says payment was made online but the product was never received and calls it fraud.,N,,“online payment” + “not received the product.”,Non-receipt is the clearest supported intent; fraud wording warrants escalation.,,
G177,OU, M,N,C,N,,,N,,“i never request for late delivery” + “Why put wrong msg?”,Customer is disputing an incorrect message rather than reporting an actual late-delivery problem.,,
G178,DP,M,N,E,Y,,Explicit two-day shipping promise took four days and customer also complains about support.,N,,“2 day shipping is really 4 days” + “customer service.”,Delivery-promise failure is primary.,,
G179,RR,M,Y,E,Y,Customer reports both non-receipt and missing refund.,Neither the order nor refund has been received.,N,,“never received this order or a refund.”,RR selected because the customer explicitly identifies the missing refund as the second unresolved outcome.,,
G180,RR,H,N,E,Y,,Customer asks for refund status and has had no update for five days.,N,,“refund status” + “5 days” + “no updates.”,Clear pending-refund case.,,
G181,OS,H,N,C,N,,,N,,“due today” + “delivery firm never received.”,Shipment/delivery status is unclear; customer needs clarification/contact rather than a DNR classification.,,
G182,OU,M,Y,C,N,Customer says they ordered a OnePlus 5 from an exclusive sales partner but the actual problem is contained in an image that is unavailable in the text.,,N,,“GOT THIS!!!!!!!!” + image.,"Cannot reliably determine whether it is wrong, damaged, counterfeit, or another issue.",,
G183,DL,H,N,A,N,,,N,,“should have been here by 1.00pm today” + “nothing” + “Where is my order.”,"Delivery deadline has passed, making this delayed delivery rather than generic status.",,
G184,RR,H,N,A,N,,,N,,“havnt got my refund yet” + damaged item context.,Refund is the active issue; damage explains why the refund is expected.,,
G185,DL,H,N,E,Y,,Delivery window has passed and seller has not responded.,N,,“supposed to be delivered between 17-22nd Nov” + “Still waiting” + “no reply.”,Delayed delivery is primary.,,
G186,RR,H,N,E,Y,,Refund is explicitly long-pending despite account updates.,N,,“refund” + “long pending” + “did account updation 3 times.”,Clear unresolved refund case.,,
G187,DNR,H,N,E,Y,,Tracking/ticket indicates the package was placed somewhere the customer says is not theirs.,N,,“it was in the shed” + “the only shed ... is not mine.”,Delivery-location dispute; closest intent is delivered/not-received.,,
G188,DP,H,N,E,Y,,Prime assured-delivery date was missed and delivery agent posted an incorrect unreachable status,N,,“Prime member” + “assured delivery by yesterday” + “wrong update.”,Explicit delivery-promise failure.,,
G189,RR,H,Y,E,Y,"Message covers delivery, return pickup and delayed refund.",Multiple stages have caused an unresolved customer experience.,N,,"“from delivery, to return pickup and now refund has been delayed.”",Refund is the latest active issue.,,
G190,OU,M,N,C,N,,,Y,“What is wrong???” with only an image provides insufficient text to identify the support intent.,,Do not force a label without image context.,,
G191,RR,H,N,E,Y,,Customer says return was refused after 24 hours despite receiving a poor-quality battery.,N,,“refuses to entertain return.”,Return handling is the active issue.,,
G192,AA,H, N, E,Y,,Account is locked and previous fax received no update; customer also wants order cancellation.,N,,“account being locked” + “no update on the fax.”,Account-access issue is primary; cancellation is secondary.,,
G193,DIP,H,N,E,Y,,Product is damaged and seller has not responded.,N,,“received a damaged product” + “no response.”,Damage is the intent; unresolved seller response triggers escalation.,,
G194,OU,M ,N ,C,N,,,Y,“can someone help please?” plus an image does not identify the actual problem in the text.,,Insufficient information to select a specific operational intent.,,
G195,OU,M,N,C,N,,,Y,“Presidenti arrivato!!!” plus image does not provide a clear support problem.,,Image context is required.,,
G196,OU,M,N,C,N,,,Y,"German message “So geht das nicht!!!” means the customer is unhappy, but the specific issue is unavailable from the text.",,Do not infer the intent from emotion alone.,,
G197,OU,M,N,C,N,,,Y,“THERES MORE!!!!” plus image does not identify the underlying problem.,,Insufficient information.,,
G198,OU,M,N,C,N,,,Y,“Echt jetzt???” plus image is insufficient to determine the actual support issue.,,Do not infer an intent without the image context.,,
G199,OU,M,N,C,N,,,Y,: “12 hours???” plus tags/image does not establish what the customer is referring to.,,Insufficient information.,,
G200,OU,M,Y,C,N,"“left by your driver” strongly suggests a delivery/location issue, but the actual situation is contained in the image.",,N,,“left by your driver!!!” + image.,"Could potentially be delivery handling/DNR, but current taxonomy lacks a precise safe-place/driver-location intent.",,
